NR_174317.1	ncbi	Streptococcus_catagoni			NR_174317.1	"strain 99-1/2017 16S ribosomal RNA, partial sequence"
NR_171502.1	ncbi	Streptococcus_chenjunshii			NR_171502.1	"strain Z15 16S ribosomal RNA, partial sequence"
NR_171408.1	ncbi	Streptococcus_chenjunshii			NR_171408.1	"strain Z15 16S ribosomal RNA, partial sequence"
NR_171407.1	ncbi	Streptococcus_chenjunshii			NR_171407.1	"strain Z15 16S ribosomal RNA, partial sequence"
NR_165747.1	ncbi	Streptococcus_periodonticum			NR_165747.1	"strain ChDC F135 16S ribosomal RNA, partial sequence"
NR_165744.1	ncbi	Streptococcus_gwangjuense			NR_165744.1	"strain ChDC B345 16S ribosomal RNA, partial sequence"
NR_165741.1	ncbi	Streptococcus_chosunense			NR_165741.1	"strain ChDC B353 16S ribosomal RNA, partial sequence"
NR_165737.1	ncbi	Streptococcus_koreensis			NR_165737.1	"strain KCOM 2890 16S ribosomal RNA, partial sequence"
NR_159228.1	ncbi	Streptococcus_azizii			NR_159228.1	"strain 12-5202 16S ribosomal RNA, partial sequence"
NR_159140.1	ncbi	Streptococcus_ovuberis			NR_159140.1	"strain VB15-00779 16S ribosomal RNA, partial sequence"
NR_158064.1	ncbi	Streptococcus_ruminantium			NR_158064.1	"strain GUT-187 16S ribosomal RNA, partial sequence"
NR_156902.1	ncbi	Streptococcus_caviae			NR_156902.1	"strain Cavy grass 6 16S ribosomal RNA, partial sequence"
NR_156072.1	ncbi	Streptococcus_himalayensis			NR_156072.1	"strain HTS2 16S ribosomal RNA, partial sequence"
NR_152678.1	ncbi	Streptococcus_marmotae			NR_152678.1	"strain HTS5 16S ribosomal RNA, partial sequence"
NR_152063.1	ncbi	Streptococcus_halotolerans			NR_152063.1	"strain HTS9 16S ribosomal RNA, partial sequence"
NR_152054.1	ncbi	Streptococcus_dentiloxodontae			NR_152054.1	"strain NUM2404 16S ribosomal RNA, partial sequence"
NR_151977.1	ncbi	Streptococcus_pantholopis			NR_151977.1	"strain TA 26 16S ribosomal RNA, partial sequence"
NR_148589.1	ncbi	Streptococcus_oricebi			NR_148589.1	"strain M8 16S ribosomal RNA, partial sequence"
NR_147736.1	ncbi	Streptococcus_caprae			NR_147736.1	"strain DICM07-02790-1C 16S ribosomal RNA, partial sequence"
NR_145950.1	ncbi	Streptococcus_panodentis			NR_145950.1	"strain TKU50 16S ribosomal RNA, partial sequence"
NR_137219.1	ncbi	Streptococcus_pharyngis			NR_137219.1	"strain DICM10-00796B 16S ribosomal RNA, partial sequence"
NR_134190.1	ncbi	Streptococcus_cuniculi			NR_134190.1	"strain : NED12-00049-6B 16S ribosomal RNA, partial sequence"
NR_133868.1	ncbi	Streptococcus_phocae			NR_133868.1	"subsp. salmonis strain C-4 16S ribosomal RNA, partial sequence"
NR_126178.1	ncbi	Streptococcus_saliviloxodontae			NR_126178.1	"strain NUM 6306 16S ribosomal RNA, partial sequence"
NR_126177.1	ncbi	Streptococcus_loxodontisalivarius			NR_126177.1	"strain NUM 6304 16S ribosomal RNA, partial sequence"
NR_118941.1	ncbi	Streptococcus_alactolyticus			NR_118941.1	"strain NCDO 1091 16S ribosomal RNA, partial sequence"
NR_118319.1	ncbi	Streptococcus_constellatus			NR_118319.1	"subsp. viborgensis SK1359 16S ribosomal RNA, partial sequence"
NR_118318.1	ncbi	Streptococcus_constellatus			NR_118318.1	"subsp. pharyngis SK1060 = CCUG 46377 16S ribosomal RNA, partial sequence"
NR_118289.1	ncbi	Streptococcus_anginosus			NR_118289.1	"16S ribosomal RNA, partial sequence"
NR_117974.1	ncbi	Streptococcus_hongkongensis			NR_117974.1	"strain HKU30 16S ribosomal RNA, partial sequence"
NR_117425.1	ncbi	Streptococcus_lactarius			NR_117425.1	"strain MV1 16S ribosomal RNA, partial sequence"
NR_117375.1	ncbi	Streptococcus_danieliae			NR_117375.1	"strain ERD01G 16S ribosomal RNA, partial sequence"
NR_115087.1	ncbi	Streptococcus_porci			NR_115087.1	"strain 2923-03 16S ribosomal RNA, partial sequence"
NR_114852.1	ncbi	Streptococcus_ferus			NR_114852.1	"strain 8S1 16S ribosomal RNA, partial sequence"
NR_113573.1	ncbi	Streptococcus_troglodytae			NR_113573.1	"strain TKU 31 16S ribosomal RNA, partial sequence"
NR_113561.1	ncbi	Streptococcus_dentasini			NR_113561.1	"strain NUM 1808 16S ribosomal RNA, partial sequence"
NR_113560.1	ncbi	Streptococcus_orisasini			NR_113560.1	"strain NUM 1801 16S ribosomal RNA, partial sequence"
NR_112960.1	ncbi	Streptococcus_fryi			NR_112960.1	"strain PAGU 653 16S ribosomal RNA, partial sequence"
NR_112919.1	ncbi	Streptococcus_ursoris			NR_112919.1	"strain NUM 1615 16S ribosomal RNA, partial sequence"
NR_112831.1	ncbi	Streptococcus_dentapri			NR_112831.1	"strain NUM 1529 16S ribosomal RNA, partial sequence"
NR_108477.1	ncbi	Streptococcus_porcorum			NR_108477.1	"strain 682/03 16S ribosomal RNA, partial sequence"
NR_103943.1	ncbi	Streptococcus_cristatus			NR_103943.1	"AS 1.3089 16S ribosomal RNA, partial sequence"
NR_044904.1	ncbi	Streptococcus_gallolyticus			NR_044904.1	"strain ACM 3611 16S ribosomal RNA, partial sequence"
NR_043704.1	ncbi	Streptococcus_pseudoporcinus			NR_043704.1	"LQ 940-04 16S ribosomal RNA, partial sequence"
NR_042833.1	ncbi	Streptococcus_constellatus			NR_042833.1	"subsp. pharyngis strain MM9889a 16S ribosomal RNA, partial sequence"
NR_041460.1	ncbi	Streptococcus_dentirousetti			NR_041460.1	"strain NUM 1303 16S ribosomal RNA, partial sequence"
NR_041055.1	ncbi	Streptococcus_orisuis			NR_041055.1	"strain NUM 1001 16S ribosomal RNA, partial sequence"
NR_044190.1	ncbi	Streptococcus_caballi			NR_044190.1	"strain 151 16S ribosomal RNA, partial sequence"
NR_044189.1	ncbi	Streptococcus_henryi			NR_044189.1	"strain 126 16S ribosomal RNA, partial sequence"
NR_043173.1	ncbi	Streptococcus_massiliensis			NR_043173.1	"strain 4401825 16S ribosomal RNA, partial sequence"
NR_037096.1	ncbi	Streptococcus_lutetiensis			NR_037096.1	"strain HDP90246 16S ribosomal RNA, partial sequence"
NR_027214.1	ncbi	Streptococcus_pseudopneumoniae			NR_027214.1	"strain 108 16S ribosomal RNA, partial sequence"
NR_134818.1	ncbi	Streptococcus_tangierensis			NR_134818.1	"strain CCMM B832 16S ribosomal RNA, partial sequence"
NR_134817.1	ncbi	Streptococcus_cameli			NR_134817.1	"strain CCMM B834 16S ribosomal RNA, partial sequence"
NR_134192.1	ncbi	Streptococcus_rifensis			NR_134192.1	"strain CCMM B833 16S ribosomal RNA, partial sequence"
NR_134191.1	ncbi	Streptococcus_moroccensis			NR_134191.1	"strain CCMM B831 16S ribosomal RNA, partial sequence"
NR_118998.1	ncbi	Streptococcus_thermophilus			NR_118998.1	"strain DSM 20617 16S ribosomal RNA, partial sequence"
NR_118942.1	ncbi	Streptococcus_vestibularis			NR_118942.1	"ATCC 49124 strain NCTC 12166 16S ribosomal RNA, partial sequence"
NR_118939.1	ncbi	Streptococcus_pneumoniae			NR_118939.1	"strain NCTC 7465 16S ribosomal RNA, partial sequence"
NR_118938.1	ncbi	Streptococcus_intermedius			NR_118938.1	"strain NCTC 11324 16S ribosomal RNA, partial sequence"
NR_118937.1	ncbi	Streptococcus_anginosus			NR_118937.1	"strain NCTC 10713 16S ribosomal RNA, partial sequence"
NR_118935.1	ncbi	Streptococcus_sobrinus			NR_118935.1	"strain DSM 20742 16S ribosomal RNA, partial sequence"
NR_118934.1	ncbi	Streptococcus_downei			NR_118934.1	"MFe28 16S ribosomal RNA, partial sequence"
NR_118933.1	ncbi	Streptococcus_mutans			NR_118933.1	"strain NCTC 10449 16S ribosomal RNA, partial sequence"
NR_118932.1	ncbi	Streptococcus_macacae			NR_118932.1	"strain NCTC 11558 16S ribosomal RNA, partial sequence"
NR_118320.1	ncbi	Streptococcus_anginosus			NR_118320.1	"subsp. whileyi strain CCUG 39159 16S ribosomal RNA, partial sequence"
NR_118304.1	ncbi	Streptococcus_dysgalactiae			NR_118304.1	"subsp. equisimilis strain CCUG 36637 16S ribosomal RNA, partial sequence"
NR_118303.1	ncbi	Streptococcus_dysgalactiae			NR_118303.1	"strain CCUG 27301 16S ribosomal RNA, partial sequence"
NR_118234.1	ncbi	Streptococcus_oralis			NR_118234.1	"subsp. tigurinus AZ_3a 16S ribosomal RNA, partial sequence"
NR_117719.1	ncbi	Streptococcus_oralis			NR_117719.1	"subsp. dentisani strain 7747 16S ribosomal RNA, partial sequence"
NR_117504.1	ncbi	Streptococcus_suis			NR_117504.1	"strain ATCC 43765 16S ribosomal RNA, partial sequence"
NR_117503.1	ncbi	Streptococcus_agalactiae			NR_117503.1	"ATCC 13813 16S ribosomal RNA, partial sequence"
NR_117496.1	ncbi	Streptococcus_pneumoniae			NR_117496.1	"strain ATCC 33400 16S ribosomal RNA, partial sequence"
NR_117426.1	ncbi	Streptococcus_anginosus			NR_117426.1	"SK52 = DSM 20563 16S ribosomal RNA, partial sequence"
NR_116213.1	ncbi	Streptococcus_pseudopneumoniae			NR_116213.1	"ATCC BAA-960 = CCUG 49455 16S ribosomal RNA, partial sequence"
NR_116212.1	ncbi	Streptococcus_peroris			NR_116212.1	"ATCC 700780 strain CCUG 39814 16S ribosomal RNA, partial sequence"
NR_116211.1	ncbi	Streptococcus_parasanguinis			NR_116211.1	"ATCC 15912 16S ribosomal RNA, partial sequence"
NR_116210.1	ncbi	Streptococcus_oralis			NR_116210.1	"ATCC 35037 16S ribosomal RNA, partial sequence"
NR_116209.1	ncbi	Streptococcus_cristatus			NR_116209.1	"AS 1.3089 16S ribosomal RNA, partial sequence"
NR_116208.1	ncbi	Streptococcus_mutans			NR_116208.1	"strain ATCC 25175 16S ribosomal RNA, partial sequence"
NR_116207.1	ncbi	Streptococcus_mitis			NR_116207.1	"strain ATCC 49456 16S ribosomal RNA, partial sequence"
NR_116206.1	ncbi	Streptococcus_infantis			NR_116206.1	"ATCC 700779 strain CCUG 39817 16S ribosomal RNA, partial sequence"
NR_116205.1	ncbi	Streptococcus_gordonii			NR_116205.1	"strain ATCC 10558 16S ribosomal RNA, partial sequence"
NR_116204.1	ncbi	Streptococcus_cristatus			NR_116204.1	"ATCC 51100 16S ribosomal RNA, partial sequence"
NR_116012.1	ncbi	Streptococcus_equi			NR_116012.1	"subsp. ruminatorum CECT 5772 strain CCUG 47520 16S ribosomal RNA, partial sequence"
NR_116011.1	ncbi	Streptococcus_equi			NR_116011.1	"subsp. zooepidemicus strain ATCC 43079 16S ribosomal RNA, partial sequence"
NR_116010.1	ncbi	Streptococcus_equi			NR_116010.1	"strain ATCC 33398 16S ribosomal RNA, partial sequence"
NR_115802.1	ncbi	Streptococcus_ictaluri			NR_115802.1	"707-05 16S ribosomal RNA, partial sequence"
NR_115738.1	ncbi	Streptococcus_urinalis			NR_115738.1	"strain 2285-97 16S ribosomal RNA, partial sequence"
NR_115737.1	ncbi	Streptococcus_suis			NR_115737.1	"strain ATCC 43765 16S ribosomal RNA, partial sequence"
NR_115736.1	ncbi	Streptococcus_sanguinis			NR_115736.1	"SK1 = NCTC 7863 16S ribosomal RNA, partial sequence"
NR_115735.1	ncbi	Streptococcus_parasanguinis			NR_115735.1	"ATCC 15912 16S ribosomal RNA, partial sequence"
NR_115734.1	ncbi	Streptococcus_oralis			NR_115734.1	"strain CCUG 24891 16S ribosomal RNA, partial sequence"
NR_115733.1	ncbi	Streptococcus_mutans			NR_115733.1	"strain ATCC 25175 16S ribosomal RNA, partial sequence"
NR_115732.1	ncbi	Streptococcus_mitis			NR_115732.1	"strain ATCC 49456 16S ribosomal RNA, partial sequence"
NR_115731.1	ncbi	Streptococcus_iniae			NR_115731.1	"strain ATCC 29178 16S ribosomal RNA, partial sequence"
NR_115730.1	ncbi	Streptococcus_didelphis			NR_115730.1	"strain ATCC 700828 16S ribosomal RNA, partial sequence"
NR_115729.1	ncbi	Streptococcus_canis			NR_115729.1	"strain ATCC 43496 16S ribosomal RNA, partial sequence"
NR_115728.1	ncbi	Streptococcus_agalactiae			NR_115728.1	"ATCC 13813 16S ribosomal RNA, partial sequence"
NR_115719.1	ncbi	Streptococcus_lutetiensis			NR_115719.1	"strain CIP 106849 16S ribosomal RNA, partial sequence"
NR_115561.1	ncbi	Streptococcus_gordonii			NR_115561.1	"strain NCTC7865 16S ribosomal RNA, partial sequence"
NR_115560.1	ncbi	Streptococcus_mitis			NR_115560.1	"strain NCTC12261 16S ribosomal RNA, partial sequence"
NR_115276.1	ncbi	Streptococcus_ferus			NR_115276.1	"strain ATCC 33477 16S ribosomal RNA, partial sequence"
NR_115275.1	ncbi	Streptococcus_dysgalactiae			NR_115275.1	"strain ATCC 43078 16S ribosomal RNA, partial sequence"
NR_115274.1	ncbi	Streptococcus_cristatus			NR_115274.1	"ATCC 51100 16S ribosomal RNA, partial sequence"
NR_115242.1	ncbi	Streptococcus_gordonii			NR_115242.1	"strain ATCC 10558 16S ribosomal RNA, partial sequence"
NR_115241.1	ncbi	Streptococcus_parasanguinis			NR_115241.1	"ATCC 15912 16S ribosomal RNA, partial sequence"
NR_115240.1	ncbi	Streptococcus_mitis			NR_115240.1	"strain ATCC 49456 16S ribosomal RNA, partial sequence"
NR_115239.1	ncbi	Streptococcus_pneumoniae			NR_115239.1	"strain ATCC 33400 16S ribosomal RNA, partial sequence"
NR_115147.1	ncbi	Streptococcus_dysgalactiae			NR_115147.1	"strain ATCC 43078 16S ribosomal RNA, partial sequence"
NR_114854.1	ncbi	Streptococcus_downei			NR_114854.1	"MFe28 16S ribosomal RNA, partial sequence"
NR_114853.1	ncbi	Streptococcus_macacae			NR_114853.1	"strain NCTC 11558 16S ribosomal RNA, partial sequence"
NR_114727.1	ncbi	Streptococcus_sobrinus			NR_114727.1	"strain NCTC 12279 16S ribosomal RNA, partial sequence"
NR_114726.1	ncbi	Streptococcus_mutans			NR_114726.1	"strain NCTC 10449 16S ribosomal RNA, partial sequence"
NR_114642.1	ncbi	Streptococcus_equinus			NR_114642.1	"strain NCDO 1037 16S ribosomal RNA, partial sequence"
NR_114556.1	ncbi	Streptococcus_phocae			NR_114556.1	"strain 8399 H1 16S ribosomal RNA, partial sequence"
NR_114537.1	ncbi	Streptococcus_australis			NR_114537.1	"ATCC 700641 strain AI1 16S ribosomal RNA, partial sequence"
NR_114413.1	ncbi	Streptococcus_oralis			NR_114413.1	"ATCC 35037 16S ribosomal RNA, partial sequence"
NR_114172.1	ncbi	Streptococcus_pneumoniae			NR_114172.1	"strain NBRC 102642 16S ribosomal RNA, partial sequence"
NR_113641.1	ncbi	Streptococcus_mutans			NR_113641.1	"strain NBRC 13955 16S ribosomal RNA, partial sequence"
NR_113594.1	ncbi	Streptococcus_equinus			NR_113594.1	"strain NBRC 12553 16S ribosomal RNA, partial sequence"
NR_113262.1	ncbi	Streptococcus_agalactiae			NR_113262.1	"ATCC 13813 strain JCM 5671 16S ribosomal RNA, partial sequence"
NR_113260.1	ncbi	Streptococcus_sanguinis			NR_113260.1	"strain JCM 5708 16S ribosomal RNA, partial sequence"
NR_112705.1	ncbi	Streptococcus_anginosus			NR_112705.1	"SK52 = DSM 20563 16S ribosomal RNA, partial sequence"
NR_112704.1	ncbi	Streptococcus_constellatus			NR_112704.1	"strain ATCC 27823 16S ribosomal RNA, partial sequence"
NR_112088.1	ncbi	Streptococcus_pyogenes			NR_112088.1	"strain JCM 5674 16S ribosomal RNA, partial sequence"
NR_112026.1	ncbi	Streptococcus_infantis			NR_112026.1	"ATCC 700779 strain GTC 849 16S ribosomal RNA, partial sequence"
NR_112025.1	ncbi	Streptococcus_cristatus			NR_112025.1	"ATCC 51100 strain NCTC 12479 16S ribosomal RNA, partial sequence"
NR_111994.1	ncbi	Streptococcus_sanguinis			NR_111994.1	"SK1 = NCTC 7863 16S ribosomal RNA, partial sequence"
NR_109720.1	ncbi	Streptococcus_rubneri			NR_109720.1	"strain LMG 27207 16S ribosomal RNA, partial sequence"
NR_109371.1	ncbi	Streptococcus_troglodytidis			NR_109371.1	"strain M09-11185 16S ribosomal RNA, partial sequence"
NR_108485.1	ncbi	Streptococcus_rupicaprae			NR_108485.1	"strain 2777-2-07 16S ribosomal RNA, partial sequence"
NR_104991.1	ncbi	Streptococcus_infantarius			NR_104991.1	"strain HDP90056 16S ribosomal RNA, partial sequence"
NR_104972.1	ncbi	Streptococcus_acidominimus			NR_104972.1	"strain LMG 17755 16S ribosomal RNA, partial sequence"
NR_104971.1	ncbi	Streptococcus_pluranimalium			NR_104971.1	"strain T70 16S ribosomal RNA, partial sequence"
NR_044912.1	ncbi	Streptococcus_hyovaginalis			NR_044912.1	"strain SHV515 16S ribosomal RNA, partial sequence"
NR_043703.1	ncbi	Streptococcus_equi			NR_043703.1	"strain ATCC 33398 16S ribosomal RNA, partial sequence"
NR_043661.1	ncbi	Streptococcus_dysgalactiae			NR_043661.1	"subsp. equisimilis strain CIP 105120 16S ribosomal RNA, partial sequence"
NR_043660.1	ncbi	Streptococcus_pasteurianus			NR_043660.1	"strain CIP 107122 16S ribosomal RNA, partial sequence"
NR_043001.1	ncbi	Streptococcus_parauberis			NR_043001.1	"strain DSM 6631 16S ribosomal RNA, partial sequence"
NR_042928.1	ncbi	Streptococcus_infantis			NR_042928.1	"ATCC 700779 16S ribosomal RNA, partial sequence"
NR_042927.1	ncbi	Streptococcus_oralis			NR_042927.1	"ATCC 35037 16S ribosomal RNA, partial sequence"
NR_042649.1	ncbi	Streptococcus_plurextorum			NR_042649.1	"strain 1956-02 16S ribosomal RNA, partial sequence"
NR_042553.1	ncbi	Streptococcus_merionis			NR_042553.1	"strain WUE3771 16S ribosomal RNA, partial sequence"
NR_042227.1	ncbi	Streptococcus_phocae			NR_042227.1	"strain CCUG 35103 16S ribosomal RNA, partial sequence"
NR_042215.1	ncbi	Streptococcus_castoreus			NR_042215.1	"strain M605815/03/2 16S ribosomal RNA, partial sequence"
NR_042119.1	ncbi	Streptococcus_criceti			NR_042119.1	"strain ATCC 19642 16S ribosomal RNA, partial sequence"
NR_042051.1	ncbi	Streptococcus_lutetiensis			NR_042051.1	"strain NEM 782 16S ribosomal RNA, partial sequence"
NR_041781.1	ncbi	Streptococcus_alactolyticus			NR_041781.1	"strain ATCC 43077 16S ribosomal RNA, partial sequence"
NR_041780.1	ncbi	Streptococcus_hyointestinalis			NR_041780.1	"strain ATCC 49169 16S ribosomal RNA, partial sequence"
NR_041721.1	ncbi	Streptococcus_constellatus			NR_041721.1	"strain ATCC 27823 16S ribosomal RNA, partial sequence"
NR_040820.1	ncbi	Streptococcus_uberis			NR_040820.1	"strain JCM 5709 16S ribosomal RNA, partial sequence"
NR_042778.1	ncbi	Streptococcus_thermophilus			NR_042778.1	"strain ATCC 19258 16S ribosomal RNA, partial sequence"
NR_042777.1	ncbi	Streptococcus_vestibularis			NR_042777.1	"ATCC 49124 16S ribosomal RNA, partial sequence"
NR_042776.1	ncbi	Streptococcus_salivarius			NR_042776.1	"strain ATCC 7073 16S ribosomal RNA, partial sequence"
NR_042775.1	ncbi	Streptococcus_macacae			NR_042775.1	"NCTC 11558 strain ATCC 35911 16S ribosomal RNA, partial sequence"
NR_042774.1	ncbi	Streptococcus_downei			NR_042774.1	"MFe28 16S ribosomal RNA, partial sequence"
NR_042773.1	ncbi	Streptococcus_sobrinus			NR_042773.1	"strain ATCC 33478 16S ribosomal RNA, partial sequence"
NR_042772.1	ncbi	Streptococcus_mutans			NR_042772.1	"strain ATCC 25175 16S ribosomal RNA, partial sequence"
NR_042771.1	ncbi	Streptococcus_cristatus			NR_042771.1	"ATCC 51100 16S ribosomal RNA, partial sequence"
NR_037002.1	ncbi	Streptococcus_macedonicus			NR_037002.1	"strain LAB617 16S ribosomal RNA, partial sequence"
NR_036918.1	ncbi	Streptococcus_suis			NR_036918.1	"strain S735 16S ribosomal RNA, partial sequence"
NR_036845.1	ncbi	Streptococcus_ferus			NR_036845.1	"strain 8S1 16S ribosomal RNA, partial sequence"
NR_036758.1	ncbi	Streptococcus_equi			NR_036758.1	"subsp. zooepidemicus strain ATCC 43079 16S ribosomal RNA, partial sequence"
NR_029052.1	ncbi	Streptococcus_cristatus			NR_029052.1	"strain 2-4 16S ribosomal RNA, partial sequence"
NR_029025.1	ncbi	Streptococcus_halichoeri			NR_029025.1	"strain M512/02/1 16S ribosomal RNA, partial sequence"
NR_029015.1	ncbi	Streptococcus_devriesei			NR_029015.1	"strain CCUG 47155 16S ribosomal RNA, partial sequence"
NR_028833.1	ncbi	Streptococcus_sinensis			NR_028833.1	"strain HKU4 16S ribosomal RNA, partial sequence"
NR_028736.1	ncbi	Streptococcus_intermedius			NR_028736.1	"strain 1877 16S ribosomal RNA, partial sequence"
NR_028666.1	ncbi	Streptococcus_gordonii			NR_028666.1	"strain SK3 16S ribosomal RNA, partial sequence"
NR_028665.1	ncbi	Streptococcus_pneumoniae			NR_028665.1	"strain ATCC 33400 16S ribosomal RNA, partial sequence"
NR_028664.1	ncbi	Streptococcus_mitis			NR_028664.1	"strain NS51 16S ribosomal RNA, partial sequence"
NR_028598.1	ncbi	Streptococcus_pyogenes			NR_028598.1	"strain I-273 16S ribosomal RNA, partial sequence"
NR_027517.1	ncbi	Streptococcus_dysgalactiae			NR_027517.1	"strain ATCC 43078 16S ribosomal RNA, partial sequence"
NR_025516.1	ncbi	Streptococcus_ratti			NR_025516.1	"strain ATCC 19645 16S ribosomal RNA, partial sequence"
NR_025500.1	ncbi	Streptococcus_entericus			NR_025500.1	"strain CECT 5353 16S ribosomal RNA, partial sequence"
NR_025453.1	ncbi	Streptococcus_gallinaceus			NR_025453.1	"strain CCUG 42692 16S ribosomal RNA, partial sequence"
NR_025148.1	ncbi	Streptococcus_iniae			NR_025148.1	"strain ATCC 29178 16S ribosomal RNA, partial sequence"
NR_025036.1	ncbi	Streptococcus_didelphis			NR_025036.1	"strain W94-11374-1 16S ribosomal RNA, partial sequence"
NR_024974.1	ncbi	Streptococcus_orisratti			NR_024974.1	"strain A63 16S ribosomal RNA, partial sequence"
NR_024634.1	ncbi	Streptococcus_porcinus			NR_024634.1	"strain 176 16S ribosomal RNA, partial sequence"
NR_024633.1	ncbi	Streptococcus_canis			NR_024633.1	"strain STR T1 16S ribosomal RNA, partial sequence"
NR_026471.1	ncbi	Streptococcus_ovis			NR_026471.1	"strain S369-98-1 16S ribosomal RNA, partial sequence"
NR_026368.1	ncbi	Streptococcus_thoraltensis			NR_026368.1	"strain S69 16S ribosomal RNA, partial sequence"
NR_025729.1	ncbi	Streptococcus_minor			NR_025729.1	"strain ON59 16S ribosomal RNA, partial sequence"
NR_025630.1	ncbi	Streptococcus_marimammalium			NR_025630.1	"strain M54/01/1 16S ribosomal RNA, partial sequence"
NR_041722.2	ncbi	Streptococcus_anginosus			NR_041722.2	"SK52 = DSM 20563 16S ribosomal RNA, complete sequence"
NR_042052.1	ncbi	Streptococcus_equinus			NR_042052.1	"ATCC 9812 16S ribosomal RNA, partial sequence"
NR_040821.1	ncbi	Streptococcus_agalactiae			NR_040821.1	"ATCC 13813 strain JCM 5671 16S ribosomal RNA, partial sequence"
NR_036936.1	ncbi	Streptococcus_australis			NR_036936.1	"strain AI-1 16S ribosomal RNA, partial sequence"
NR_025609.1	ncbi	Streptococcus_equi			NR_025609.1	"subsp. ruminatorum CECT 5772 16S ribosomal RNA, partial sequence"
NR_024842.1	ncbi	Streptococcus_parasanguinis			NR_024842.1	"ATCC 15912 16S ribosomal RNA, partial sequence"
m54257_210914_210835/4587786/ccs	pacbio	1558	46	14957
m54257_210915_072622/4456783/ccs	pacbio	1068	49	6958
m54257_210914_041224/4195024/ccs	pacbio	1135	49	4177
m54257_210915_072622/11600428/ccs	pacbio	1068	60	2551
m54257_210414_133237/30409100/ccs	pacbio	uid_375649	21	2043
m54257_210913_175418/4194410/ccs	pacbio	1332	47	1626
m54257_210414_133237/11272553/ccs	pacbio	uid_375699	10	1410
m54257_210914_041224/4259993/ccs	pacbio	1135	55	1201
m54257_210914_210835/4981544/ccs	pacbio	1558	49	1158
m54257_210914_210835/29294790/ccs	pacbio	80	49	1043
m54257_210914_041224/4194723/ccs	pacbio	1135	60	1021
m54257_210914_041224/9699512/ccs	pacbio	1606	49	774
m54257_210914_210835/11272733/ccs	pacbio	1068	49	762
m54257_210913_175418/26017996/ccs	pacbio	1010	36	653
m54257_210915_072622/14484061/ccs	pacbio	1068	19	632
m54257_210414_133237/4194770/ccs	pacbio	uid_375712	26	618
m54257_210425_012457/4391463/ccs	pacbio	uid_375747	53	567
m54257_210914_210835/4916034/ccs	pacbio	1558	37	534
m54257_210414_133237/4391667/ccs	pacbio	uid_375733	16	515
m54257_210915_072622/68616779/ccs	pacbio	257	41	514
m54257_210914_041224/4391567/ccs	pacbio	916	32	493
m54257_210425_012457/4260792/ccs	pacbio	uid_375800	11	477
m54257_210425_012457/4850573/ccs	pacbio	uid_375766	43	474
m54257_210425_012457/11534433/ccs	pacbio	uid_375800	54	421
m54257_210414_133237/4195018/ccs	pacbio	uid_375716	20	414
m54257_210414_133237/4391460/ccs	pacbio	uid_375733	21	405
m54257_210914_041224/4522960/ccs	pacbio	1281	15	372
m54257_210425_012457/4194777/ccs	pacbio	uid_375739	21	331
m54257_210914_041224/4260086/ccs	pacbio	1135	20	319
m54257_210913_175418/4391135/ccs	pacbio	1313	36	315
m54257_210914_041224/4653614/ccs	pacbio	1135	46	301
m54257_210425_012457/12255862/ccs	pacbio	uid_375818	62	291
m54257_210914_041224/4522346/ccs	pacbio	916	13	285
m54257_210915_072622/31129702/ccs	pacbio	1068	46	279
m54257_210414_133237/4325869/ccs	pacbio	uid_375726	18	279
m54257_210914_210835/12714175/ccs	pacbio	1558	58	279
m54257_210425_012457/4456762/ccs	pacbio	uid_375794	16	276
m54257_210425_012457/4260235/ccs	pacbio	uid_375794	34	271
m54257_210914_041224/4325978/ccs	pacbio	1135	34	263
m54257_210915_072622/11535091/ccs	pacbio	1597	29	251
m54257_210425_012457/4325576/ccs	pacbio	uid_375794	57	239
m54257_210914_041224/16581022/ccs	pacbio	1135	16	215
m54257_210914_041224/4850297/ccs	pacbio	1135	63	214
m54257_210414_133237/4260253/ccs	pacbio	uid_375721	23	208
m54257_210914_210835/47383287/ccs	pacbio	2072	25	207
m54257_210914_041224/14615132/ccs	pacbio	1133	20	205
m54257_210914_210835/44630843/ccs	pacbio	1558	14	202
m54257_210914_041224/11469300/ccs	pacbio	1135	23	177
m54257_210914_041224/4784600/ccs	pacbio	1135	52	176
m54257_210914_041224/4522224/ccs	pacbio	1135	30	174
m54257_210425_012457/4260025/ccs	pacbio	uid_375816	16	173
m54257_210914_041224/22283174/ccs	pacbio	1135	36	172
m54257_210914_041224/18285204/ccs	pacbio	1135	26	172
m54257_210913_175418/4587773/ccs	pacbio	1973	23	166
m54257_210915_072622/13828783/ccs	pacbio	1068	64	164
m54257_210914_041224/54067687/ccs	pacbio	1135	38	158
m54257_210914_041224/18612816/ccs	pacbio	1135	12	156
m54257_210914_041224/4719571/ccs	pacbio	1135	58	153
m54257_210915_072622/20644097/ccs	pacbio	1068	9	151
m54257_210425_012457/4326031/ccs	pacbio	uid_375747	55	146
m54257_210425_012457/4457027/ccs	pacbio	uid_375800	21	144
m54257_210914_210835/43647910/ccs	pacbio	1558	66	134
m54257_210914_041224/17301791/ccs	pacbio	1135	71	130
m54257_210914_041224/4326027/ccs	pacbio	1135	51	126
m54257_210914_210835/23659360/ccs	pacbio	1068	51	109
m54257_210914_041224/4850050/ccs	pacbio	1928	57	107
m54257_210913_175418/22938241/ccs	pacbio	1740	10	105
m54257_210414_133237/4456884/ccs	pacbio	uid_375716	8	101
m54257_210915_072622/35782731/ccs	pacbio	1068	47	100
m54257_210915_072622/14287821/ccs	pacbio	1068	58	100
m54257_210425_012457/11862246/ccs	pacbio	uid_375813	33	99
m54257_210913_175418/24117382/ccs	pacbio	1281	46	98
m54257_210914_041224/15794743/ccs	pacbio	1135	50	97
m54257_210914_041224/34669290/ccs	pacbio	1135	20	97
m54257_210914_041224/11600574/ccs	pacbio	1135	20	92
m54257_210915_072622/4587832/ccs	pacbio	1068	26	91
m54257_210914_041224/4391587/ccs	pacbio	1135	37	91
m54257_210914_041224/29295572/ccs	pacbio	1148	57	90
m54257_210914_210835/21758745/ccs	pacbio	1558	38	88
m54257_210913_175418/4915848/ccs	pacbio	1332	41	86
m54257_210914_210835/4653429/ccs	pacbio	1435	32	82
m54257_210414_133237/11534535/ccs	pacbio	uid_375716	14	82
m54257_210913_175418/35914547/ccs	pacbio	1550	39	81
m54257_210425_012457/11403569/ccs	pacbio	uid_375816	18	81
m54257_210414_133237/4260730/ccs	pacbio	uid_375703	22	80
m54257_210913_175418/17957156/ccs	pacbio	1550	19	79
m54257_210914_041224/15860262/ccs	pacbio	1135	22	78
m54257_210914_041224/12649091/ccs	pacbio	1135	44	76
m54257_210913_175418/30671049/ccs	pacbio	1471	12	75
m54257_210425_012457/13763104/ccs	pacbio	uid_375800	23	75
m54257_210914_210835/4260186/ccs	pacbio	1327	32	75
m54257_210414_133237/11272730/ccs	pacbio	uid_375703	49	74
m54257_210914_210835/11796921/ccs	pacbio	1558	55	73
m54257_210425_012457/4784810/ccs	pacbio	uid_375757	58	72
m54257_210914_041224/13435759/ccs	pacbio	1135	39	72
m54257_210914_210835/11928526/ccs	pacbio	1243	68	71
m54257_210414_133237/12452527/ccs	pacbio	uid_375699	25	71
m54257_210914_041224/12255994/ccs	pacbio	1135	35	70
m54257_210914_041224/11731036/ccs	pacbio	1135	19	70
m54257_210915_072622/64226013/ccs	pacbio	257	22	70
m54257_210425_012457/11731878/ccs	pacbio	uid_375800	73	69
m54257_210914_210835/27722141/ccs	pacbio	1068	43	66
m54257_210425_012457/4849786/ccs	pacbio	uid_375747	37	64
m54257_210913_175418/4915305/ccs	pacbio	1740	48	64
m54257_210914_041224/12517743/ccs	pacbio	1135	35	64
m54257_210914_210835/30606032/ccs	pacbio	1558	29	62
m54257_210913_175418/45941702/ccs	pacbio	1550	24	62
m54257_210914_041224/4194466/ccs	pacbio	1135	62	62
m54257_210914_041224/4850168/ccs	pacbio	1135	20	62
m54257_210914_041224/16646386/ccs	pacbio	1135	21	61
m54257_210913_175418/11599970/ccs	pacbio	1332	50	61
m54257_210914_210835/13763107/ccs	pacbio	1435	20	60
m54257_210914_041224/30212423/ccs	pacbio	1139	12	59
m54257_210914_041224/18350513/ccs	pacbio	1135	25	58
m54257_210914_210835/36897183/ccs	pacbio	1558	24	58
m54257_210914_210835/12452324/ccs	pacbio	1447	10	56
m54257_210425_181849/5767429/ccs	pacbio	uid_375753	22	56
m54257_210913_175418/19989009/ccs	pacbio	1135	34	56
m54257_210425_012457/12124816/ccs	pacbio	uid_375805	13	56
m54257_210914_041224/19792195/ccs	pacbio	1135	31	55
m54257_210914_041224/16712222/ccs	pacbio	1135	23	54
m54257_210914_041224/63243222/ccs	pacbio	1135	52	54
m54257_210914_210835/4981168/ccs	pacbio	1435	13	54
m54257_210914_210835/47383226/ccs	pacbio	1447	31	54
m54257_210914_041224/8520013/ccs	pacbio	1074	20	53
m54257_210914_041224/14549767/ccs	pacbio	1313	39	52
m54257_210914_210835/19202160/ccs	pacbio	1702	16	51
m54257_210913_175418/15139277/ccs	pacbio	1262	36	51
m54257_210425_012457/12321418/ccs	pacbio	uid_375794	18	51
m54257_210913_175418/12583204/ccs	pacbio	1973	32	50
m54257_210914_041224/4653587/ccs	pacbio	1135	20	50
m54257_210425_012457/14614901/ccs	pacbio	uid_375779	13	49
m54257_210914_210835/11403621/ccs	pacbio	2054	53	49
m54257_210914_210835/32112883/ccs	pacbio	202	13	49
m54257_210425_012457/16253780/ccs	pacbio	uid_375747	18	48
